CookerStat, GenerateAssetRegistry=0.022639, Initialize=0.141270, RunGuid=RunID82CC04314EB2FF761257D3987AACFEE4
DDCTransactionId6EBB399444AD566E8B8ED99F642C1F02_0, BuildTexture=, CacheKey=TEXTURE_814DCC3DC72143F49509781513CB9855_AutoDXT_704822B64E07281B97CD85AE308F54B1_07_0000803F0000803F0000803F000000000000803F00000000000000000000803F0000000000000000020000000E000000000000000101000000040000803FFFFFFFFF00000000FF00FF00FFFF8180803B, StartTime=2016.06.30-21.24.33, Duration=150.931824, RunGuid=RunID82CC04314EB2FF761257D3987AACFEE4
DDCTransactionId92344D0746D51581E18F04B0B1B0CD5E_0, PutCachedData=, CacheKey=TEXTURE_814DCC3DC72143F49509781513CB9855_AutoDXT_704822B64E07281B97CD85AE308F5__374A23A8D8F650C5E321968436051EAE25B123A1, StartTime=2016.06.30-21.24.33, HierarchicalDDC=, DataSize=1048841, Duration=6.268740, RunGuid=RunID82CC04314EB2FF761257D3987AACFEE4
DDCTransactionId354A50F644C5C684F666B89CA9553BF3_0, PutCachedData=, CacheKey=TEXTURE_814DCC3DC72143F49509781513CB9855_AutoDXT_704822B64E07281B97CD85AE308F5__8295B2039BC8BB35126603933A168F0EB0C1EDC6, StartTime=2016.06.30-21.24.33, HierarchicalDDC=, DataSize=262407, Duration=5.748030, RunGuid=RunID82CC04314EB2FF761257D3987AACFEE4
DDCTransactionId69D5F8C64B6EF72014C7D69076A5DB97_0, PutCachedData=, CacheKey=TEXTURE_814DCC3DC72143F49509781513CB9855_AutoDXT_704822B64E07281B97CD85AE308F5__98A5A46A65B27FF825AB03E63388B6C0704CA746, StartTime=2016.06.30-21.24.33, HierarchicalDDC=, DataSize=65799, Duration=5.099032, RunGuid=RunID82CC04314EB2FF761257D3987AACFEE4
DDCTransactionId69D5F8C64B6EF72014C7D69076A5DB97_1, PutCachedData=, CacheKey=TEXTURE_814DCC3DC72143F49509781513CB9855_AutoDXT_704822B64E07281B97CD85AE308F5__9F7ABAB7FECA6BD8C83DD67A7A3B37158A50E03D, StartTime=2016.06.30-21.24.33, HierarchicalDDC=, DataSize=16647, Duration=3.865026, RunGuid=RunID82CC04314EB2FF761257D3987AACFEE4
DDCTransactionId354A50F644C5C684F666B89CA9553BF3_1, PutCachedData=, CacheKey=TEXTURE_814DCC3DC72143F49509781513CB9855_AutoDXT_704822B64E07281B97CD85AE308F5__12C72EDCC38BAC9F9148804F8DA454B945814C29, StartTime=2016.06.30-21.24.33, HierarchicalDDC=, DataSize=7196, Duration=3.714092, RunGuid=RunID82CC04314EB2FF761257D3987AACFEE4
DDCTransactionId6EBB399444AD566E8B8ED99F642C1F02_1, BuildTexture=, CacheKey=TEXTURE_814DCC3DC72143F49509781513CB9855_AutoDXT_16A317334847B7C7B03BC187D7105222_07_0000803F0000803F0000803F000000000000803F00000000000000000000803F0000000000000000020000000E000000000000000101000000040000803FFFFFFFFF00000000FF00FF00FFFF8180803B, StartTime=2016.06.30-21.24.33, Duration=96.041489, RunGuid=RunID82CC04314EB2FF761257D3987AACFEE4
DDCTransactionId92344D0746D51581E18F04B0B1B0CD5E_1, PutCachedData=, CacheKey=TEXTURE_814DCC3DC72143F49509781513CB9855_AutoDXT_16A317334847B7C7B03BC187D7105__7740E21437EE5C697EBA2021B13A943B0C436F51, StartTime=2016.06.30-21.24.33, HierarchicalDDC=, DataSize=1048841, Duration=6.625239, RunGuid=RunID82CC04314EB2FF761257D3987AACFEE4
DDCTransactionId69D5F8C64B6EF72014C7D69076A5DB97_2, PutCachedData=, CacheKey=TEXTURE_814DCC3DC72143F49509781513CB9855_AutoDXT_16A317334847B7C7B03BC187D7105__95D938E4762BE3F8513401F59B022A892EA44AB2, StartTime=2016.06.30-21.24.33, HierarchicalDDC=, DataSize=262407, Duration=7.149264, RunGuid=RunID82CC04314EB2FF761257D3987AACFEE4
DDCTransactionId354A50F644C5C684F666B89CA9553BF3_2, PutCachedData=, CacheKey=TEXTURE_814DCC3DC72143F49509781513CB9855_AutoDXT_16A317334847B7C7B03BC187D7105__8DBD496412C8D0E4CA849531EFB72D638F9CF99B, StartTime=2016.06.30-21.24.33, HierarchicalDDC=, DataSize=65799, Duration=5.142499, RunGuid=RunID82CC04314EB2FF761257D3987AACFEE4
DDCTransactionId6EBB399444AD566E8B8ED99F642C1F02_2, BuildTexture=, CacheKey=TEXTURE_814DCC3DC72143F49509781513CB9855_AutoDXT_7AE579164704BE34FDB17B86C7A4B022_07_0000803F0000803F0000803F000000000000803F00000000000000000000803F0000000000000000020000000E000000000000000101000000040000803FFFFFFFFF00000000FF00FF00FFFF8180803B, StartTime=2016.06.30-21.24.33, Duration=21.540474, RunGuid=RunID82CC04314EB2FF761257D3987AACFEE4
DDCTransactionId354A50F644C5C684F666B89CA9553BF3_3, PutCachedData=, CacheKey=TEXTURE_814DCC3DC72143F49509781513CB9855_AutoDXT_16A317334847B7C7B03BC187D7105__023EEF70C62A64787AFECA59500473465BBC9006, StartTime=2016.06.30-21.24.33, HierarchicalDDC=, DataSize=16647, Duration=5.173288, RunGuid=RunID82CC04314EB2FF761257D3987AACFEE4
DDCTransactionId92344D0746D51581E18F04B0B1B0CD5E_2, PutCachedData=, CacheKey=TEXTURE_814DCC3DC72143F49509781513CB9855_AutoDXT_16A317334847B7C7B03BC187D7105__668082BB9C10B4ADEF2B11D1ACAE72B0538DB6D4, StartTime=2016.06.30-21.24.33, HierarchicalDDC=, DataSize=7196, Duration=4.479911, RunGuid=RunID82CC04314EB2FF761257D3987AACFEE4
DDCTransactionId69D5F8C64B6EF72014C7D69076A5DB97_3, PutCachedData=, CacheKey=TEXTURE_814DCC3DC72143F49509781513CB9855_AutoDXT_7AE579164704BE34FDB17B86C7A4B__FA1EDA667C22C731ACBACBE44BF6690827A6068D, StartTime=2016.06.30-21.24.33, HierarchicalDDC=, DataSize=262407, Duration=4.747964, RunGuid=RunID82CC04314EB2FF761257D3987AACFEE4
DDCTransactionId354A50F644C5C684F666B89CA9553BF3_4, PutCachedData=, CacheKey=TEXTURE_814DCC3DC72143F49509781513CB9855_AutoDXT_7AE579164704BE34FDB17B86C7A4B__3BEE65FDB0375A3A9232764D2D60FBADD9FE828B, StartTime=2016.06.30-21.24.33, HierarchicalDDC=, DataSize=65799, Duration=39.284447, RunGuid=RunID82CC04314EB2FF761257D3987AACFEE4
DDCTransactionId92344D0746D51581E18F04B0B1B0CD5E_3, PutCachedData=, CacheKey=TEXTURE_814DCC3DC72143F49509781513CB9855_AutoDXT_7AE579164704BE34FDB17B86C7A4B__4A4E9CC9B1D97372A6122E5708591D8A3D214905, StartTime=2016.06.30-21.24.33, HierarchicalDDC=, DataSize=16647, Duration=4.602469, RunGuid=RunID82CC04314EB2FF761257D3987AACFEE4
DDCTransactionId6EBB399444AD566E8B8ED99F642C1F02_3, BuildTexture=, CacheKey=TEXTURE_814DCC3DC72143F49509781513CB9855_AutoDXT_CA00D32B463E02C2DEB81C975D6C3609_07_0000803F0000803F0000803F000000000000803F00000000000000000000803F0000000000000000020000000E000000000000000101000000040000803FFFFFFFFF00000000FF00FF00FFFF8180803B, StartTime=2016.06.30-21.24.33, Duration=24.031729, RunGuid=RunID82CC04314EB2FF761257D3987AACFEE4
DDCTransactionId92344D0746D51581E18F04B0B1B0CD5E_4, PutCachedData=, CacheKey=TEXTURE_814DCC3DC72143F49509781513CB9855_AutoDXT_7AE579164704BE34FDB17B86C7A4B__D9C346B728449BEB1F867F22715A22628BD5B319, StartTime=2016.06.30-21.24.33, HierarchicalDDC=, DataSize=6899, Duration=4.418940, RunGuid=RunID82CC04314EB2FF761257D3987AACFEE4
DDCTransactionId69D5F8C64B6EF72014C7D69076A5DB97_4, PutCachedData=, CacheKey=TEXTURE_814DCC3DC72143F49509781513CB9855_AutoDXT_CA00D32B463E02C2DEB81C975D6C3__4D87045FD8AB13D5474956DD4F920CDEAC3B1787, StartTime=2016.06.30-21.24.33, HierarchicalDDC=, DataSize=262407, Duration=4.917611, RunGuid=RunID82CC04314EB2FF761257D3987AACFEE4
DDCTransactionId92344D0746D51581E18F04B0B1B0CD5E_5, PutCachedData=, CacheKey=TEXTURE_814DCC3DC72143F49509781513CB9855_AutoDXT_CA00D32B463E02C2DEB81C975D6C3__4FBE731F710AFCDF5BC76C7EDD98B59562533EC3, StartTime=2016.06.30-21.24.33, HierarchicalDDC=, DataSize=65799, Duration=4.771810, RunGuid=RunID82CC04314EB2FF761257D3987AACFEE4
DDCTransactionId6EBB399444AD566E8B8ED99F642C1F02_4, BuildTexture=, CacheKey=TEXTURE_814DCC3DC72143F49509781513CB9855_AutoDXT_9C3C2F53469AC5DDB6E75B8DE1CCE0D0_07_0000803F0000803F0000803F000000000000803F00000000000000000000803F0000000000000000020000000E000000000000000101000000040000803FFFFFFFFF00000000FF00FF00FFFF8180803B, StartTime=2016.06.30-21.24.33, Duration=21.098848, RunGuid=RunID82CC04314EB2FF761257D3987AACFEE4
DDCTransactionId92344D0746D51581E18F04B0B1B0CD5E_6, PutCachedData=, CacheKey=TEXTURE_814DCC3DC72143F49509781513CB9855_AutoDXT_CA00D32B463E02C2DEB81C975D6C3__E4EB4C1E678DF88AF5D72D151C15C0B751FA7BCC, StartTime=2016.06.30-21.24.33, HierarchicalDDC=, DataSize=16647, Duration=4.960176, RunGuid=RunID82CC04314EB2FF761257D3987AACFEE4
DDCTransactionId69D5F8C64B6EF72014C7D69076A5DB97_5, PutCachedData=, CacheKey=TEXTURE_814DCC3DC72143F49509781513CB9855_AutoDXT_CA00D32B463E02C2DEB81C975D6C3__B9B52EC9FA92B137D4C172F27CEA1AFCD4BCC9A1, StartTime=2016.06.30-21.24.33, HierarchicalDDC=, DataSize=6899, Duration=4.914895, RunGuid=RunID82CC04314EB2FF761257D3987AACFEE4
DDCTransactionId92344D0746D51581E18F04B0B1B0CD5E_7, PutCachedData=, CacheKey=TEXTURE_814DCC3DC72143F49509781513CB9855_AutoDXT_9C3C2F53469AC5DDB6E75B8DE1CCE__7C37B825E2163470F90F151D5971AD12A7A0024D, StartTime=2016.06.30-21.24.33, HierarchicalDDC=, DataSize=262407, Duration=42.002098, RunGuid=RunID82CC04314EB2FF761257D3987AACFEE4
DDCTransactionId69D5F8C64B6EF72014C7D69076A5DB97_6, PutCachedData=, CacheKey=TEXTURE_814DCC3DC72143F49509781513CB9855_AutoDXT_9C3C2F53469AC5DDB6E75B8DE1CCE__25CDB9FEA665E07CAF5666BEC232495EED6B754C, StartTime=2016.06.30-21.24.33, HierarchicalDDC=, DataSize=65799, Duration=4.448220, RunGuid=RunID82CC04314EB2FF761257D3987AACFEE4
DDCTransactionId354A50F644C5C684F666B89CA9553BF3_5, PutCachedData=, CacheKey=TEXTURE_814DCC3DC72143F49509781513CB9855_AutoDXT_9C3C2F53469AC5DDB6E75B8DE1CCE__B662C4A874034C1AB2104627ED175B3CE6DDFC15, StartTime=2016.06.30-21.24.33, HierarchicalDDC=, DataSize=16647, Duration=4.399620, RunGuid=RunID82CC04314EB2FF761257D3987AACFEE4
DDCTransactionId6EBB399444AD566E8B8ED99F642C1F02_5, BuildTexture=, CacheKey=TEXTURE_814DCC3DC72143F49509781513CB9855_AutoDXT_E4D19E7948AE9BC67305C19762D632A4_07_0000803F0000803F0000803F000000000000803F00000000000000000000803F0000000000000000020000000E000000000000000101000000040000803FFFFFFFFF00000000FF00FF00FFFF8180803B, StartTime=2016.06.30-21.24.33, Duration=0.416871, RunGuid=RunID82CC04314EB2FF761257D3987AACFEE4
DDCTransactionId354A50F644C5C684F666B89CA9553BF3_6, PutCachedData=, CacheKey=TEXTURE_814DCC3DC72143F49509781513CB9855_AutoDXT_9C3C2F53469AC5DDB6E75B8DE1CCE__2888E9705FCFDD9622245813BB36C7E81A4575E1, StartTime=2016.06.30-21.24.33, HierarchicalDDC=, DataSize=6899, Duration=4.368227, RunGuid=RunID82CC04314EB2FF761257D3987AACFEE4
DDCTransactionId69D5F8C64B6EF72014C7D69076A5DB97_7, PutCachedData=, CacheKey=TEXTURE_814DCC3DC72143F49509781513CB9855_AutoDXT_E4D19E7948AE9BC67305C19762D63__EE1D8F8A388DA3F67FBA0A262F841D94EA8FC61E, StartTime=2016.06.30-21.24.33, HierarchicalDDC=, DataSize=6014, Duration=3.609046, RunGuid=RunID82CC04314EB2FF761257D3987AACFEE4
DDCTransactionId6EBB399444AD566E8B8ED99F642C1F02_6, BuildTexture=, CacheKey=TEXTURE_814DCC3DC72143F49509781513CB9855_DXT1_66AA220F49DB9085046B69A787A34E55_07_0000803F0000803F0000803F000000000000803F00000000000000000000803F0000000000000000020000000E000000000000000101000000040000803FFFFFFFFF00000000FF00FF00FFFF8180803B, StartTime=2016.06.30-21.24.33, Duration=64.455696, RunGuid=RunID82CC04314EB2FF761257D3987AACFEE4
DDCTransactionId69D5F8C64B6EF72014C7D69076A5DB97_8, PutCachedData=, CacheKey=TEXTURE_814DCC3DC72143F49509781513CB9855_DXT1_66AA220F49DB9085046B69A787A34E55__C151D7557EA23BC243BA13731EB671AF5F101161, StartTime=2016.06.30-21.24.33, HierarchicalDDC=, DataSize=524550, Duration=6.077964, RunGuid=RunID82CC04314EB2FF761257D3987AACFEE4
DDCTransactionId354A50F644C5C684F666B89CA9553BF3_7, PutCachedData=, CacheKey=TEXTURE_814DCC3DC72143F49509781513CB9855_DXT1_66AA220F49DB9085046B69A787A34E55__27C078FE48487E590032780430A092ACF38BF777, StartTime=2016.06.30-21.24.33, HierarchicalDDC=, DataSize=131332, Duration=5.860627, RunGuid=RunID82CC04314EB2FF761257D3987AACFEE4
DDCTransactionId92344D0746D51581E18F04B0B1B0CD5E_8, PutCachedData=, CacheKey=TEXTURE_814DCC3DC72143F49509781513CB9855_DXT1_66AA220F49DB9085046B69A787A34E55__3C2A710E67B6A3FFA618EC13871F39CE4BFD000C, StartTime=2016.06.30-21.24.33, HierarchicalDDC=, DataSize=33028, Duration=5.783651, RunGuid=RunID82CC04314EB2FF761257D3987AACFEE4
DDCTransactionId354A50F644C5C684F666B89CA9553BF3_8, PutCachedData=, CacheKey=TEXTURE_814DCC3DC72143F49509781513CB9855_DXT1_66AA220F49DB9085046B69A787A34E55__AE8A3B4B3E796BFA1FA8FD4214372B5075081C92, StartTime=2016.06.30-21.24.33, HierarchicalDDC=, DataSize=4437, Duration=4.556887, RunGuid=RunID82CC04314EB2FF761257D3987AACFEE4
DDCTransactionId92344D0746D51581E18F04B0B1B0CD5E_9, PutCachedData=, CacheKey=TEXTURE_814DCC3DC72143F49509781513CB9855_DXT1_66AA220F49DB9085046B69A787A34E55__25A37B5ABB9EA29CA8986CFB62036FBCFC639346, StartTime=2016.06.30-21.24.33, HierarchicalDDC=, DataSize=8452, Duration=4.481122, RunGuid=RunID82CC04314EB2FF761257D3987AACFEE4
DDCTransactionId6EBB399444AD566E8B8ED99F642C1F02_7, BuildTexture=, CacheKey=TEXTURE_814DCC3DC72143F49509781513CB9855_DXT1_597344FC44D79769F845E281B289E135_07_0000803F0000803F0000803F000000000000803F00000000000000000000803F0000000000000000020000000E000000000000000101000000040000803FFFFFFFFF00000000FF00FF00FFFF8180803B, StartTime=2016.06.30-21.24.33, Duration=49.190910, RunGuid=RunID82CC04314EB2FF761257D3987AACFEE4
DDCTransactionId69D5F8C64B6EF72014C7D69076A5DB97_9, PutCachedData=, CacheKey=TEXTURE_814DCC3DC72143F49509781513CB9855_DXT1_597344FC44D79769F845E281B289E135__AF14AC392BDAA9FEF99ACC6B018B370EB5D808A0, StartTime=2016.06.30-21.24.33, HierarchicalDDC=, DataSize=524550, Duration=4.920028, RunGuid=RunID82CC04314EB2FF761257D3987AACFEE4
DDCTransactionId92344D0746D51581E18F04B0B1B0CD5E_10, PutCachedData=, CacheKey=TEXTURE_814DCC3DC72143F49509781513CB9855_DXT1_597344FC44D79769F845E281B289E135__CFE321F2C65EA324A8CA370DEE33CCA2D0F45F85, StartTime=2016.06.30-21.24.33, HierarchicalDDC=, DataSize=131332, Duration=4.754607, RunGuid=RunID82CC04314EB2FF761257D3987AACFEE4
DDCTransactionId354A50F644C5C684F666B89CA9553BF3_9, PutCachedData=, CacheKey=TEXTURE_814DCC3DC72143F49509781513CB9855_DXT1_597344FC44D79769F845E281B289E135__F03B0C4B344783646E4B7E371655050F12E533D9, StartTime=2016.06.30-21.24.33, HierarchicalDDC=, DataSize=33028, Duration=4.628733, RunGuid=RunID82CC04314EB2FF761257D3987AACFEE4
DDCTransactionId6EBB399444AD566E8B8ED99F642C1F02_8, BuildTexture=, CacheKey=TEXTURE_814DCC3DC72143F49509781513CB9855_DXT1_C40B28CE458B56FE60A921BA5B88646E_07_0000803F0000803F0000803F000000000000803F00000000000000000000803F0000000000000000020000000E000000000000000101000000040000803FFFFFFFFF00000000FF00FF00FFFF8180803B, StartTime=2016.06.30-21.24.33, Duration=13.982188, RunGuid=RunID82CC04314EB2FF761257D3987AACFEE4
DDCTransactionId354A50F644C5C684F666B89CA9553BF3_10, PutCachedData=, CacheKey=TEXTURE_814DCC3DC72143F49509781513CB9855_DXT1_597344FC44D79769F845E281B289E135__520110756D4B48377EB15ABF88A437DAFD377390, StartTime=2016.06.30-21.24.33, HierarchicalDDC=, DataSize=8452, Duration=4.697855, RunGuid=RunID82CC04314EB2FF761257D3987AACFEE4
DDCTransactionId92344D0746D51581E18F04B0B1B0CD5E_11, PutCachedData=, CacheKey=TEXTURE_814DCC3DC72143F49509781513CB9855_DXT1_597344FC44D79769F845E281B289E135__C9E98CB1E58AEBE6250269C1F5E1D716F5E679B5, StartTime=2016.06.30-21.24.33, HierarchicalDDC=, DataSize=4437, Duration=4.698161, RunGuid=RunID82CC04314EB2FF761257D3987AACFEE4
DDCTransactionId69D5F8C64B6EF72014C7D69076A5DB97_10, PutCachedData=, CacheKey=TEXTURE_814DCC3DC72143F49509781513CB9855_DXT1_C40B28CE458B56FE60A921BA5B88646E__56BDA0D33FAA6962A6144FE9863A64436484EB3E, StartTime=2016.06.30-21.24.33, HierarchicalDDC=, DataSize=131332, Duration=4.491989, RunGuid=RunID82CC04314EB2FF761257D3987AACFEE4
DDCTransactionId354A50F644C5C684F666B89CA9553BF3_11, PutCachedData=, CacheKey=TEXTURE_814DCC3DC72143F49509781513CB9855_DXT1_C40B28CE458B56FE60A921BA5B88646E__A63A3D442D47629EFD22330080496F3D83716BF5, StartTime=2016.06.30-21.24.33, HierarchicalDDC=, DataSize=33028, Duration=4.351020, RunGuid=RunID82CC04314EB2FF761257D3987AACFEE4
DDCTransactionId92344D0746D51581E18F04B0B1B0CD5E_12, PutCachedData=, CacheKey=TEXTURE_814DCC3DC72143F49509781513CB9855_DXT1_C40B28CE458B56FE60A921BA5B88646E__45591E3979833F5D56E3DFA3F516A50E9893C0DE, StartTime=2016.06.30-21.24.33, HierarchicalDDC=, DataSize=8452, Duration=4.275553, RunGuid=RunID82CC04314EB2FF761257D3987AACFEE4
DDCTransactionId6EBB399444AD566E8B8ED99F642C1F02_9, BuildTexture=, CacheKey=TEXTURE_814DCC3DC72143F49509781513CB9855_DXT1_766D604645FA942EFF3489A8EA20A8F0_07_0000803F0000803F0000803F000000000000803F00000000000000000000803F0000000000000000020000000E000000000000000101000000040000803FFFFFFFFF00000000FF00FF00FFFF8180803B, StartTime=2016.06.30-21.24.33, Duration=9.797491, RunGuid=RunID82CC04314EB2FF761257D3987AACFEE4
DDCTransactionId92344D0746D51581E18F04B0B1B0CD5E_13, PutCachedData=, CacheKey=TEXTURE_814DCC3DC72143F49509781513CB9855_DXT1_C40B28CE458B56FE60A921BA5B88646E__A36B09ED78DFC9F45644F8DC73841CF0C0C26467, StartTime=2016.06.30-21.24.33, HierarchicalDDC=, DataSize=4143, Duration=4.311476, RunGuid=RunID82CC04314EB2FF761257D3987AACFEE4
DDCTransactionId354A50F644C5C684F666B89CA9553BF3_12, PutCachedData=, CacheKey=TEXTURE_814DCC3DC72143F49509781513CB9855_DXT1_766D604645FA942EFF3489A8EA20A8F0__6951B7A9AB7B63000D8BF0707EC7B34D3F025290, StartTime=2016.06.30-21.24.33, HierarchicalDDC=, DataSize=131332, Duration=4.615448, RunGuid=RunID82CC04314EB2FF761257D3987AACFEE4
DDCTransactionId69D5F8C64B6EF72014C7D69076A5DB97_11, PutCachedData=, CacheKey=TEXTURE_814DCC3DC72143F49509781513CB9855_DXT1_766D604645FA942EFF3489A8EA20A8F0__EA8A391B90DEB09F9F0E5AE945ED5BB85F077D25, StartTime=2016.06.30-21.24.33, HierarchicalDDC=, DataSize=33028, Duration=4.558395, RunGuid=RunID82CC04314EB2FF761257D3987AACFEE4
DDCTransactionId92344D0746D51581E18F04B0B1B0CD5E_14, PutCachedData=, CacheKey=TEXTURE_814DCC3DC72143F49509781513CB9855_DXT1_766D604645FA942EFF3489A8EA20A8F0__B64902749CD939B6CE3A05341D9259C69BEB2910, StartTime=2016.06.30-21.24.33, HierarchicalDDC=, DataSize=8452, Duration=4.615448, RunGuid=RunID82CC04314EB2FF761257D3987AACFEE4
DDCTransactionId6EBB399444AD566E8B8ED99F642C1F02_10, BuildTexture=, CacheKey=TEXTURE_814DCC3DC72143F49509781513CB9855_DXT1_12FC07B74E65B2819AAD43AB19BB60CC_07_0000803F0000803F0000803F000000000000803F00000000000000000000803F0000000000000000020000000E000000000000000101000000040000803FFFFFFFFF00000000FF00FF00FFFF8180803B, StartTime=2016.06.30-21.24.33, Duration=10.861248, RunGuid=RunID82CC04314EB2FF761257D3987AACFEE4
DDCTransactionId354A50F644C5C684F666B89CA9553BF3_13, PutCachedData=, CacheKey=TEXTURE_814DCC3DC72143F49509781513CB9855_DXT1_766D604645FA942EFF3489A8EA20A8F0__CC1F321E1B8EA1C548DFE982CFFC80246588E720, StartTime=2016.06.30-21.24.33, HierarchicalDDC=, DataSize=4143, Duration=4.418034, RunGuid=RunID82CC04314EB2FF761257D3987AACFEE4
DDCTransactionId69D5F8C64B6EF72014C7D69076A5DB97_12, PutCachedData=, CacheKey=TEXTURE_814DCC3DC72143F49509781513CB9855_DXT1_12FC07B74E65B2819AAD43AB19BB60CC__25A89F6F7040F76E520A07015737C7354DD42918, StartTime=2016.06.30-21.24.33, HierarchicalDDC=, DataSize=131332, Duration=4.054893, RunGuid=RunID82CC04314EB2FF761257D3987AACFEE4
DDCTransactionId92344D0746D51581E18F04B0B1B0CD5E_15, PutCachedData=, CacheKey=TEXTURE_814DCC3DC72143F49509781513CB9855_DXT1_12FC07B74E65B2819AAD43AB19BB60CC__235A9305464E2E77E95D819878C1D6B84D58ACD8, StartTime=2016.06.30-21.24.33, HierarchicalDDC=, DataSize=33028, Duration=4.531231, RunGuid=RunID82CC04314EB2FF761257D3987AACFEE4
DDCTransactionId354A50F644C5C684F666B89CA9553BF3_14, PutCachedData=, CacheKey=TEXTURE_814DCC3DC72143F49509781513CB9855_DXT1_12FC07B74E65B2819AAD43AB19BB60CC__B90E21BA5BEB4807B91A97FFB8EDCBE6B2FD6196, StartTime=2016.06.30-21.24.33, HierarchicalDDC=, DataSize=8452, Duration=3.952563, RunGuid=RunID82CC04314EB2FF761257D3987AACFEE4
DDCTransactionId6EBB399444AD566E8B8ED99F642C1F02_11, BuildTexture=, CacheKey=TEXTURE_814DCC3DC72143F49509781513CB9855_DXT1_C14052FA4C333041CDF34B8B8F3451E9_07_0000803F0000803F0000803F000000000000803F00000000000000000000803F0000000000000000020000000E000000000000000101000000040000803FFFFFFFFF00000000FF00FF00FFFF8180803B, StartTime=2016.06.30-21.24.33, Duration=3.462344, RunGuid=RunID82CC04314EB2FF761257D3987AACFEE4
DDCTransactionId354A50F644C5C684F666B89CA9553BF3_15, PutCachedData=, CacheKey=TEXTURE_814DCC3DC72143F49509781513CB9855_DXT1_12FC07B74E65B2819AAD43AB19BB60CC__44AA62AD99FBEF1BBC79E92D4871B71AABFEF671, StartTime=2016.06.30-21.24.33, HierarchicalDDC=, DataSize=4143, Duration=3.874380, RunGuid=RunID82CC04314EB2FF761257D3987AACFEE4
DDCTransactionId69D5F8C64B6EF72014C7D69076A5DB97_13, PutCachedData=, CacheKey=TEXTURE_814DCC3DC72143F49509781513CB9855_DXT1_C14052FA4C333041CDF34B8B8F3451E9__CC53B0A07525180F4F96C9DEF2E4F09E29601FDE, StartTime=2016.06.30-21.24.33, HierarchicalDDC=, DataSize=3267, Duration=3.851742, RunGuid=RunID82CC04314EB2FF761257D3987AACFEE4
DDCTransactionId6EBB399444AD566E8B8ED99F642C1F02_12, BuildTexture=, CacheKey=TEXTURE_814DCC3DC72143F49509781513CB9855_AutoDXT_0749B11545CC1F751FD7B8924A30F937_07_0000803F0000803F0000803F000000000000803F00000000000000000000803F0000000000000000020000000E000000000000000101000000040000803FFFFFFFFF00000000FF00FF00FFFF8180803B, StartTime=2016.06.30-21.24.33, Duration=69.489525, RunGuid=RunID82CC04314EB2FF761257D3987AACFEE4
DDCTransactionId92344D0746D51581E18F04B0B1B0CD5E_16, PutCachedData=, CacheKey=TEXTURE_814DCC3DC72143F49509781513CB9855_AutoDXT_0749B11545CC1F751FD7B8924A30F__DBFA32B960C8AC759D95E08F302756FEB2620B8E, StartTime=2016.06.30-21.24.33, HierarchicalDDC=, DataSize=524552, Duration=6.002501, RunGuid=RunID82CC04314EB2FF761257D3987AACFEE4
DDCTransactionId69D5F8C64B6EF72014C7D69076A5DB97_14, PutCachedData=, CacheKey=TEXTURE_814DCC3DC72143F49509781513CB9855_AutoDXT_0749B11545CC1F751FD7B8924A30F__66CC7F42D0F3BC34AFBD91FE7BAA7CC7F24AB2E7, StartTime=2016.06.30-21.24.33, HierarchicalDDC=, DataSize=131335, Duration=4.396297, RunGuid=RunID82CC04314EB2FF761257D3987AACFEE4
DDCTransactionId354A50F644C5C684F666B89CA9553BF3_16, PutCachedData=, CacheKey=TEXTURE_814DCC3DC72143F49509781513CB9855_AutoDXT_0749B11545CC1F751FD7B8924A30F__5FAB8408101F094110311E279097119D67E10334, StartTime=2016.06.30-21.24.33, HierarchicalDDC=, DataSize=33031, Duration=4.294570, RunGuid=RunID82CC04314EB2FF761257D3987AACFEE4
DDCTransactionId354A50F644C5C684F666B89CA9553BF3_17, PutCachedData=, CacheKey=TEXTURE_814DCC3DC72143F49509781513CB9855_AutoDXT_0749B11545CC1F751FD7B8924A30F__F8F4CF0A74BD7C5606C74EA8F0EC4CAC691BF11A, StartTime=2016.06.30-21.24.33, HierarchicalDDC=, DataSize=8454, Duration=4.217598, RunGuid=RunID82CC04314EB2FF761257D3987AACFEE4
DDCTransactionId69D5F8C64B6EF72014C7D69076A5DB97_15, PutCachedData=, CacheKey=TEXTURE_814DCC3DC72143F49509781513CB9855_AutoDXT_0749B11545CC1F751FD7B8924A30F__4688619069A77C9E38C7E628D828A33131BFB0E6, StartTime=2016.06.30-21.24.33, HierarchicalDDC=, DataSize=4474, Duration=4.166279, RunGuid=RunID82CC04314EB2FF761257D3987AACFEE4
DDCTransactionId6EBB399444AD566E8B8ED99F642C1F02_13, BuildTexture=, CacheKey=TEXTURE_814DCC3DC72143F49509781513CB9855_AutoDXT_1B4DA0D540A3B6D2D6B2B1A5440C50B0_07_0000803F0000803F0000803F000000000000803F00000000000000000000803F0000000000000000020000000E000000000000000101000000040000803FFFFFFFFF00000000FF00FF00FFFF8180803B, StartTime=2016.06.30-21.24.33, Duration=41.934784, RunGuid=RunID82CC04314EB2FF761257D3987AACFEE4
DDCTransactionId92344D0746D51581E18F04B0B1B0CD5E_17, PutCachedData=, CacheKey=TEXTURE_814DCC3DC72143F49509781513CB9855_AutoDXT_1B4DA0D540A3B6D2D6B2B1A5440C5__FDE160E9BA93EF294ADB9F5AB63ACEC19D852806, StartTime=2016.06.30-21.24.34, HierarchicalDDC=, DataSize=524552, Duration=4.929990, RunGuid=RunID82CC04314EB2FF761257D3987AACFEE4
DDCTransactionId69D5F8C64B6EF72014C7D69076A5DB97_16, PutCachedData=, CacheKey=TEXTURE_814DCC3DC72143F49509781513CB9855_AutoDXT_1B4DA0D540A3B6D2D6B2B1A5440C5__0EA8B89D83E9B9E9BA452FE26EF50A642B0FD2E8, StartTime=2016.06.30-21.24.34, HierarchicalDDC=, DataSize=131335, Duration=4.838221, RunGuid=RunID82CC04314EB2FF761257D3987AACFEE4
DDCTransactionId354A50F644C5C684F666B89CA9553BF3_18, PutCachedData=, CacheKey=TEXTURE_814DCC3DC72143F49509781513CB9855_AutoDXT_1B4DA0D540A3B6D2D6B2B1A5440C5__497BBEA58418E2BB76BAE7CABED70AB780FE2852, StartTime=2016.06.30-21.24.34, HierarchicalDDC=, DataSize=33031, Duration=5.112007, RunGuid=RunID82CC04314EB2FF761257D3987AACFEE4
DDCTransactionId6EBB399444AD566E8B8ED99F642C1F02_14, BuildTexture=, CacheKey=TEXTURE_814DCC3DC72143F49509781513CB9855_AutoDXT_3A784D85456CB436B4DB55B38B287DEC_07_0000803F0000803F0000803F000000000000803F00000000000000000000803F0000000000000000020000000E000000000000000101000000040000803FFFFFFFFF00000000FF00FF00FFFF8180803B, StartTime=2016.06.30-21.24.34, Duration=15.889037, RunGuid=RunID82CC04314EB2FF761257D3987AACFEE4
DDCTransactionId92344D0746D51581E18F04B0B1B0CD5E_18, PutCachedData=, CacheKey=TEXTURE_814DCC3DC72143F49509781513CB9855_AutoDXT_1B4DA0D540A3B6D2D6B2B1A5440C5__643341734084F6877EE465098C7A1208311ECB56, StartTime=2016.06.30-21.24.34, HierarchicalDDC=, DataSize=8454, Duration=4.497420, RunGuid=RunID82CC04314EB2FF761257D3987AACFEE4
DDCTransactionId69D5F8C64B6EF72014C7D69076A5DB97_17, PutCachedData=, CacheKey=TEXTURE_814DCC3DC72143F49509781513CB9855_AutoDXT_1B4DA0D540A3B6D2D6B2B1A5440C5__54E8D4F324EAEE68785D601CCA2B6BFA23DAC3ED, StartTime=2016.06.30-21.24.34, HierarchicalDDC=, DataSize=4474, Duration=5.595591, RunGuid=RunID82CC04314EB2FF761257D3987AACFEE4
DDCTransactionId354A50F644C5C684F666B89CA9553BF3_19, PutCachedData=, CacheKey=TEXTURE_814DCC3DC72143F49509781513CB9855_AutoDXT_3A784D85456CB436B4DB55B38B287__320A73CFAF82B63899C3EC61DF067BCEC8A28AB5, StartTime=2016.06.30-21.24.34, HierarchicalDDC=, DataSize=131335, Duration=4.295781, RunGuid=RunID82CC04314EB2FF761257D3987AACFEE4
DDCTransactionId92344D0746D51581E18F04B0B1B0CD5E_19, PutCachedData=, CacheKey=TEXTURE_814DCC3DC72143F49509781513CB9855_AutoDXT_3A784D85456CB436B4DB55B38B287__AA10D5C85B73F70BF5879A23F40F193825BF82AA, StartTime=2016.06.30-21.24.34, HierarchicalDDC=, DataSize=33031, Duration=4.161753, RunGuid=RunID82CC04314EB2FF761257D3987AACFEE4
DDCTransactionId69D5F8C64B6EF72014C7D69076A5DB97_18, PutCachedData=, CacheKey=TEXTURE_814DCC3DC72143F49509781513CB9855_AutoDXT_3A784D85456CB436B4DB55B38B287__180FD65D4DF65C884D2D27F211D129BE6858B1C4, StartTime=2016.06.30-21.24.34, HierarchicalDDC=, DataSize=8454, Duration=4.151792, RunGuid=RunID82CC04314EB2FF761257D3987AACFEE4
DDCTransactionId6EBB399444AD566E8B8ED99F642C1F02_15, BuildTexture=, CacheKey=TEXTURE_814DCC3DC72143F49509781513CB9855_AutoDXT_1A57F3584FF3A7512B1CDCA09F271717_07_0000803F0000803F0000803F000000000000803F00000000000000000000803F0000000000000000020000000E000000000000000101000000040000803FFFFFFFFF00000000FF00FF00FFFF8180803B, StartTime=2016.06.30-21.24.34, Duration=12.354855, RunGuid=RunID82CC04314EB2FF761257D3987AACFEE4
DDCTransactionId92344D0746D51581E18F04B0B1B0CD5E_20, PutCachedData=, CacheKey=TEXTURE_814DCC3DC72143F49509781513CB9855_AutoDXT_3A784D85456CB436B4DB55B38B287__BE4B0B341613ADBADDCE1BE6BB3A1BE693176C00, StartTime=2016.06.30-21.24.34, HierarchicalDDC=, DataSize=4178, Duration=4.443087, RunGuid=RunID82CC04314EB2FF761257D3987AACFEE4
DDCTransactionId69D5F8C64B6EF72014C7D69076A5DB97_19, PutCachedData=, CacheKey=TEXTURE_814DCC3DC72143F49509781513CB9855_AutoDXT_1A57F3584FF3A7512B1CDCA09F271__3D39D97D7C9F317DAAC17AC5FA4968381488FD86, StartTime=2016.06.30-21.24.34, HierarchicalDDC=, DataSize=131335, Duration=5.255695, RunGuid=RunID82CC04314EB2FF761257D3987AACFEE4
DDCTransactionId354A50F644C5C684F666B89CA9553BF3_20, PutCachedData=, CacheKey=TEXTURE_814DCC3DC72143F49509781513CB9855_AutoDXT_1A57F3584FF3A7512B1CDCA09F271__F1699B078595686B6B31E8DE2E30C12B00CABE08, StartTime=2016.06.30-21.24.34, HierarchicalDDC=, DataSize=33031, Duration=5.145818, RunGuid=RunID82CC04314EB2FF761257D3987AACFEE4
DDCTransactionId92344D0746D51581E18F04B0B1B0CD5E_21, PutCachedData=, CacheKey=TEXTURE_814DCC3DC72143F49509781513CB9855_AutoDXT_1A57F3584FF3A7512B1CDCA09F271__AD34313FFD43A888753AFAD25B727CE775F97FA8, StartTime=2016.06.30-21.24.34, HierarchicalDDC=, DataSize=8454, Duration=5.662303, RunGuid=RunID82CC04314EB2FF761257D3987AACFEE4
DDCTransactionId6EBB399444AD566E8B8ED99F642C1F02_16, BuildTexture=, CacheKey=TEXTURE_814DCC3DC72143F49509781513CB9855_AutoDXT_6A31F0FD48925E0B9FB019A8D3CCFBF8_07_0000803F0000803F0000803F000000000000803F00000000000000000000803F0000000000000000020000000E000000000000000101000000040000803FFFFFFFFF00000000FF00FF00FFFF8180803B, StartTime=2016.06.30-21.24.34, Duration=13.959847, RunGuid=RunID82CC04314EB2FF761257D3987AACFEE4
DDCTransactionId354A50F644C5C684F666B89CA9553BF3_21, PutCachedData=, CacheKey=TEXTURE_814DCC3DC72143F49509781513CB9855_AutoDXT_1A57F3584FF3A7512B1CDCA09F271__49AFE852A3781C4FDB12AB18DAFA436BD06D2FC3, StartTime=2016.06.30-21.24.34, HierarchicalDDC=, DataSize=4178, Duration=4.076026, RunGuid=RunID82CC04314EB2FF761257D3987AACFEE4
DDCTransactionId69D5F8C64B6EF72014C7D69076A5DB97_20, PutCachedData=, CacheKey=TEXTURE_814DCC3DC72143F49509781513CB9855_AutoDXT_6A31F0FD48925E0B9FB019A8D3CCF__706593310DC51F7A816C0F78E911AD8D53E4C6B6, StartTime=2016.06.30-21.24.34, HierarchicalDDC=, DataSize=131335, Duration=3.838461, RunGuid=RunID82CC04314EB2FF761257D3987AACFEE4
DDCTransactionId92344D0746D51581E18F04B0B1B0CD5E_22, PutCachedData=, CacheKey=TEXTURE_814DCC3DC72143F49509781513CB9855_AutoDXT_6A31F0FD48925E0B9FB019A8D3CCF__CCAC4A09F74D98DC92951DFBE3A6855C6EAA7B5C, StartTime=2016.06.30-21.24.34, HierarchicalDDC=, DataSize=33031, Duration=3.847215, RunGuid=RunID82CC04314EB2FF761257D3987AACFEE4
DDCTransactionId354A50F644C5C684F666B89CA9553BF3_22, PutCachedData=, CacheKey=TEXTURE_814DCC3DC72143F49509781513CB9855_AutoDXT_6A31F0FD48925E0B9FB019A8D3CCF__28701DE7C0F79857C55BA1263446AD99239CD45B, StartTime=2016.06.30-21.24.34, HierarchicalDDC=, DataSize=8454, Duration=3.837254, RunGuid=RunID82CC04314EB2FF761257D3987AACFEE4
DDCTransactionId6EBB399444AD566E8B8ED99F642C1F02_17, BuildTexture=, CacheKey=TEXTURE_814DCC3DC72143F49509781513CB9855_AutoDXT_104E96A44B7BE15657B040A1B36E0EE7_07_0000803F0000803F0000803F000000000000803F00000000000000000000803F0000000000000000020000000E000000000000000101000000040000803FFFFFFFFF00000000FF00FF00FFFF8180803B, StartTime=2016.06.30-21.24.34, Duration=1.603182, RunGuid=RunID82CC04314EB2FF761257D3987AACFEE4
DDCTransactionId69D5F8C64B6EF72014C7D69076A5DB97_21, PutCachedData=, CacheKey=TEXTURE_814DCC3DC72143F49509781513CB9855_AutoDXT_6A31F0FD48925E0B9FB019A8D3CCF__25B4EE0FDBD67FD2D86FBA1B872AB46B879C3C9E, StartTime=2016.06.30-21.24.34, HierarchicalDDC=, DataSize=4178, Duration=3.402572, RunGuid=RunID82CC04314EB2FF761257D3987AACFEE4
DDCTransactionId92344D0746D51581E18F04B0B1B0CD5E_23, PutCachedData=, CacheKey=TEXTURE_814DCC3DC72143F49509781513CB9855_AutoDXT_104E96A44B7BE15657B040A1B36E0__4089859D5CB729953A3B8A0580218E390EDF7C45, StartTime=2016.06.30-21.24.34, HierarchicalDDC=, DataSize=1910, Duration=3.273983, RunGuid=RunID82CC04314EB2FF761257D3987AACFEE4
DDCTransactionId6EBB399444AD566E8B8ED99F642C1F02_18, BuildTexture=, CacheKey=TEXTURE_814DCC3DC72143F49509781513CB9855_G8_A99CD7334F314A0686D57B9547A32DD7_07_0000803F0000803F0000803F000000000000803F00000000000000000000803F0000000000000000020000000E000000000000000101000000040000803FFFFFFFFF00000000FF00FF00FFFF8180803B, StartTime=2016.06.30-21.24.34, Duration=15.876662, RunGuid=RunID82CC04314EB2FF761257D3987AACFEE4
DDCTransactionId354A50F644C5C684F666B89CA9553BF3_23, PutCachedData=, CacheKey=TEXTURE_814DCC3DC72143F49509781513CB9855_G8_A99CD7334F314A0686D57B9547A32DD7_0__BBE6450F05F711CCECC41FB01670BB8850C34A47, StartTime=2016.06.30-21.24.34, HierarchicalDDC=, DataSize=524547, Duration=4.502553, RunGuid=RunID82CC04314EB2FF761257D3987AACFEE4
DDCTransactionId92344D0746D51581E18F04B0B1B0CD5E_24, PutCachedData=, CacheKey=TEXTURE_814DCC3DC72143F49509781513CB9855_G8_A99CD7334F314A0686D57B9547A32DD7_0__9E1667C2EA3CCE0000BE4761716AAE370788CF5D, StartTime=2016.06.30-21.24.34, HierarchicalDDC=, DataSize=131330, Duration=4.305135, RunGuid=RunID82CC04314EB2FF761257D3987AACFEE4
DDCTransactionId69D5F8C64B6EF72014C7D69076A5DB97_22, PutCachedData=, CacheKey=TEXTURE_814DCC3DC72143F49509781513CB9855_G8_A99CD7334F314A0686D57B9547A32DD7_0__7FD969D38AAC7A24CB4E88558C68FC73B9ECA0CF, StartTime=2016.06.30-21.24.34, HierarchicalDDC=, DataSize=33026, Duration=4.613638, RunGuid=RunID82CC04314EB2FF761257D3987AACFEE4
DDCTransactionId6EBB399444AD566E8B8ED99F642C1F02_19, BuildTexture=, CacheKey=TEXTURE_814DCC3DC72143F49509781513CB9855_G8_312B01124F3BCBD78AA5269E0ED7195A_07_0000803F0000803F0000803F000000000000803F00000000000000000000803F0000000000000000020000000E000000000000000101000000040000803FFFFFFFFF00000000FF00FF00FFFF8180803B, StartTime=2016.06.30-21.24.34, Duration=15.962087, RunGuid=RunID82CC04314EB2FF761257D3987AACFEE4
DDCTransactionId92344D0746D51581E18F04B0B1B0CD5E_25, PutCachedData=, CacheKey=TEXTURE_814DCC3DC72143F49509781513CB9855_G8_A99CD7334F314A0686D57B9547A32DD7_0__DB95BCFB5CDF8E3FC5AED0C9412FCE63348791FE, StartTime=2016.06.30-21.24.34, HierarchicalDDC=, DataSize=8449, Duration=4.305743, RunGuid=RunID82CC04314EB2FF761257D3987AACFEE4
DDCTransactionId354A50F644C5C684F666B89CA9553BF3_24, PutCachedData=, CacheKey=TEXTURE_814DCC3DC72143F49509781513CB9855_G8_A99CD7334F314A0686D57B9547A32DD7_0__09C82E893305A8FDF9CD4DE08FDEFD5A594CF9FF, StartTime=2016.06.30-21.24.34, HierarchicalDDC=, DataSize=4410, Duration=4.113454, RunGuid=RunID82CC04314EB2FF761257D3987AACFEE4
DDCTransactionId69D5F8C64B6EF72014C7D69076A5DB97_23, PutCachedData=, CacheKey=TEXTURE_814DCC3DC72143F49509781513CB9855_G8_312B01124F3BCBD78AA5269E0ED7195A_0__3C7761495D7E68E3B0DE8D67A0EC19FA117F7786, StartTime=2016.06.30-21.24.34, HierarchicalDDC=, DataSize=524547, Duration=4.362490, RunGuid=RunID82CC04314EB2FF761257D3987AACFEE4
DDCTransactionId354A50F644C5C684F666B89CA9553BF3_25, PutCachedData=, CacheKey=TEXTURE_814DCC3DC72143F49509781513CB9855_G8_312B01124F3BCBD78AA5269E0ED7195A_0__7379CDC876B6F5151EC477D0C03229CC7C12E45B, StartTime=2016.06.30-21.24.34, HierarchicalDDC=, DataSize=131330, Duration=4.411694, RunGuid=RunID82CC04314EB2FF761257D3987AACFEE4
DDCTransactionId92344D0746D51581E18F04B0B1B0CD5E_26, PutCachedData=, CacheKey=TEXTURE_814DCC3DC72143F49509781513CB9855_G8_312B01124F3BCBD78AA5269E0ED7195A_0__043583562ACE0DBAF09B92EDCC35CC9E100B9FAC, StartTime=2016.06.30-21.24.34, HierarchicalDDC=, DataSize=33026, Duration=4.221220, RunGuid=RunID82CC04314EB2FF761257D3987AACFEE4
DDCTransactionId6EBB399444AD566E8B8ED99F642C1F02_20, BuildTexture=, CacheKey=TEXTURE_814DCC3DC72143F49509781513CB9855_G8_F336A9E547928187A2FE8DBA877873B1_07_0000803F0000803F0000803F000000000000803F00000000000000000000803F0000000000000000020000000E000000000000000101000000040000803FFFFFFFFF00000000FF00FF00FFFF8180803B, StartTime=2016.06.30-21.24.34, Duration=4.173227, RunGuid=RunID82CC04314EB2FF761257D3987AACFEE4
DDCTransactionId69D5F8C64B6EF72014C7D69076A5DB97_24, PutCachedData=, CacheKey=TEXTURE_814DCC3DC72143F49509781513CB9855_G8_312B01124F3BCBD78AA5269E0ED7195A_0__A2100EE959868AC5268CEBD1BA0FDC4B4F48F9E0, StartTime=2016.06.30-21.24.34, HierarchicalDDC=, DataSize=8449, Duration=4.037991, RunGuid=RunID82CC04314EB2FF761257D3987AACFEE4
DDCTransactionId92344D0746D51581E18F04B0B1B0CD5E_27, PutCachedData=, CacheKey=TEXTURE_814DCC3DC72143F49509781513CB9855_G8_312B01124F3BCBD78AA5269E0ED7195A_0__DBA0E3EC824F01E36BD362E3E9D9AE71C72C2499, StartTime=2016.06.30-21.24.34, HierarchicalDDC=, DataSize=4410, Duration=4.056405, RunGuid=RunID82CC04314EB2FF761257D3987AACFEE4
DDCTransactionId354A50F644C5C684F666B89CA9553BF3_26, PutCachedData=, CacheKey=TEXTURE_814DCC3DC72143F49509781513CB9855_G8_F336A9E547928187A2FE8DBA877873B1_0__CC035280AFAA72C56A7C51F6755D3542777FE3F6, StartTime=2016.06.30-21.24.34, HierarchicalDDC=, DataSize=131330, Duration=3.814917, RunGuid=RunID82CC04314EB2FF761257D3987AACFEE4
DDCTransactionId6EBB399444AD566E8B8ED99F642C1F02_21, BuildTexture=, CacheKey=TEXTURE_814DCC3DC72143F49509781513CB9855_G8_C1A9DAA94619853A29A6AEBA982298BA_07_0000803F0000803F0000803F000000000000803F00000000000000000000803F0000000000000000020000000E000000000000000101000000040000803FFFFFFFFF00000000FF00FF00FFFF8180803B, StartTime=2016.06.30-21.24.34, Duration=3.596973, RunGuid=RunID82CC04314EB2FF761257D3987AACFEE4
DDCTransactionId69D5F8C64B6EF72014C7D69076A5DB97_25, PutCachedData=, CacheKey=TEXTURE_814DCC3DC72143F49509781513CB9855_G8_F336A9E547928187A2FE8DBA877873B1_0__99D2737CF5920C3894A2689601C9DCBAF71E3C1C, StartTime=2016.06.30-21.24.34, HierarchicalDDC=, DataSize=33026, Duration=4.313890, RunGuid=RunID82CC04314EB2FF761257D3987AACFEE4
DDCTransactionId92344D0746D51581E18F04B0B1B0CD5E_28, PutCachedData=, CacheKey=TEXTURE_814DCC3DC72143F49509781513CB9855_G8_F336A9E547928187A2FE8DBA877873B1_0__603B2C904FC2452D901C5FA8908325669187F1C2, StartTime=2016.06.30-21.24.34, HierarchicalDDC=, DataSize=8449, Duration=4.191637, RunGuid=RunID82CC04314EB2FF761257D3987AACFEE4
DDCTransactionId354A50F644C5C684F666B89CA9553BF3_27, PutCachedData=, CacheKey=TEXTURE_814DCC3DC72143F49509781513CB9855_G8_F336A9E547928187A2FE8DBA877873B1_0__D5567F0B08369D683F87A90FAC858FFB4BE6C24B, StartTime=2016.06.30-21.24.34, HierarchicalDDC=, DataSize=4119, Duration=4.262574, RunGuid=RunID82CC04314EB2FF761257D3987AACFEE4
DDCTransactionId6EBB399444AD566E8B8ED99F642C1F02_22, BuildTexture=, CacheKey=TEXTURE_814DCC3DC72143F49509781513CB9855_G8_086A19C6464019057903DAAC839DE255_07_0000803F0000803F0000803F000000000000803F00000000000000000000803F0000000000000000020000000E000000000000000101000000040000803FFFFFFFFF00000000FF00FF00FFFF8180803B, StartTime=2016.06.30-21.24.34, Duration=4.199486, RunGuid=RunID82CC04314EB2FF761257D3987AACFEE4
DDCTransactionId92344D0746D51581E18F04B0B1B0CD5E_29, PutCachedData=, CacheKey=TEXTURE_814DCC3DC72143F49509781513CB9855_G8_C1A9DAA94619853A29A6AEBA982298BA_0__16D2416FDF2B265E08FD4257B223ED31BEFDDA3A, StartTime=2016.06.30-21.24.34, HierarchicalDDC=, DataSize=131330, Duration=3.539920, RunGuid=RunID82CC04314EB2FF761257D3987AACFEE4
DDCTransactionId354A50F644C5C684F666B89CA9553BF3_28, PutCachedData=, CacheKey=TEXTURE_814DCC3DC72143F49509781513CB9855_G8_C1A9DAA94619853A29A6AEBA982298BA_0__BA7B52CD69D5B51F7F154D3801814AD030ABF6A9, StartTime=2016.06.30-21.24.34, HierarchicalDDC=, DataSize=33026, Duration=3.482264, RunGuid=RunID82CC04314EB2FF761257D3987AACFEE4
DDCTransactionId69D5F8C64B6EF72014C7D69076A5DB97_26, PutCachedData=, CacheKey=TEXTURE_814DCC3DC72143F49509781513CB9855_G8_C1A9DAA94619853A29A6AEBA982298BA_0__6A5A260679981F4BFEACAB18EA13181139BC4491, StartTime=2016.06.30-21.24.34, HierarchicalDDC=, DataSize=8449, Duration=3.728885, RunGuid=RunID82CC04314EB2FF761257D3987AACFEE4
DDCTransactionId6EBB399444AD566E8B8ED99F642C1F02_23, BuildTexture=, CacheKey=TEXTURE_814DCC3DC72143F49509781513CB9855_G8_E5889A3D48F327D75670FB9523E2CDB8_07_0000803F0000803F0000803F000000000000803F00000000000000000000803F0000000000000000020000000E000000000000000101000000040000803FFFFFFFFF00000000FF00FF00FFFF8180803B, StartTime=2016.06.30-21.24.34, Duration=0.227604, RunGuid=RunID82CC04314EB2FF761257D3987AACFEE4
DDCTransactionId92344D0746D51581E18F04B0B1B0CD5E_30, PutCachedData=, CacheKey=TEXTURE_814DCC3DC72143F49509781513CB9855_G8_086A19C6464019057903DAAC839DE255_0__1B7FC6E30C80AAD75877CA24654DE8F52359C1AC, StartTime=2016.06.30-21.24.34, HierarchicalDDC=, DataSize=131330, Duration=2.890315, RunGuid=RunID82CC04314EB2FF761257D3987AACFEE4
DDCTransactionId354A50F644C5C684F666B89CA9553BF3_29, PutCachedData=, CacheKey=TEXTURE_814DCC3DC72143F49509781513CB9855_G8_C1A9DAA94619853A29A6AEBA982298BA_0__A450FA5F3DCDC72C86A7AF71130FEE2D49FAB8EA, StartTime=2016.06.30-21.24.34, HierarchicalDDC=, DataSize=4119, Duration=3.427930, RunGuid=RunID82CC04314EB2FF761257D3987AACFEE4
DDCTransactionId69D5F8C64B6EF72014C7D69076A5DB97_27, PutCachedData=, CacheKey=TEXTURE_814DCC3DC72143F49509781513CB9855_G8_086A19C6464019057903DAAC839DE255_0__9BC81476E0848686B4E8BB282C90C046DFF60563, StartTime=2016.06.30-21.24.34, HierarchicalDDC=, DataSize=33026, Duration=3.252249, RunGuid=RunID82CC04314EB2FF761257D3987AACFEE4
DDCTransactionId92344D0746D51581E18F04B0B1B0CD5E_31, PutCachedData=, CacheKey=TEXTURE_814DCC3DC72143F49509781513CB9855_G8_086A19C6464019057903DAAC839DE255_0__28452A3E7EBA0F049412149FDDD422E8E5FDD180, StartTime=2016.06.30-21.24.34, HierarchicalDDC=, DataSize=8449, Duration=3.293298, RunGuid=RunID82CC04314EB2FF761257D3987AACFEE4
DDCTransactionId354A50F644C5C684F666B89CA9553BF3_30, PutCachedData=, CacheKey=TEXTURE_814DCC3DC72143F49509781513CB9855_G8_086A19C6464019057903DAAC839DE255_0__4380831E1E3608C0631C132C2B5D3BF7AC5473C0, StartTime=2016.06.30-21.24.34, HierarchicalDDC=, DataSize=4119, Duration=4.096251, RunGuid=RunID82CC04314EB2FF761257D3987AACFEE4
DDCTransactionId69D5F8C64B6EF72014C7D69076A5DB97_28, PutCachedData=, CacheKey=TEXTURE_814DCC3DC72143F49509781513CB9855_G8_E5889A3D48F327D75670FB9523E2CDB8_0__B2FBD5B908F2428B63A3C1453EBCD6294266D3B5, StartTime=2016.06.30-21.24.34, HierarchicalDDC=, DataSize=3250, Duration=2.974838, RunGuid=RunID82CC04314EB2FF761257D3987AACFEE4
DDCTransactionId6EBB399444AD566E8B8ED99F642C1F02_24, BuildTexture=, CacheKey=TEXTURE_814DCC3DC72143F49509781513CB9855_BC5_9D79806F4FC0A8F037E5F6AFD2EE46E8_07_0000803F0000803F0000803F000000000000803F00000000000000000000803F00000000000000000200000001000000000000000100000000040000803FFFFFFFFF00000000FF00FF00FFFF8180803B, StartTime=2016.06.30-21.24.34, Duration=21.703176, RunGuid=RunID82CC04314EB2FF761257D3987AACFEE4
DDCTransactionId92344D0746D51581E18F04B0B1B0CD5E_32, PutCachedData=, CacheKey=TEXTURE_814DCC3DC72143F49509781513CB9855_BC5_9D79806F4FC0A8F037E5F6AFD2EE46E8___22817D37760A7F9C8F40F845F65CB9EC772EBB0F, StartTime=2016.06.30-21.24.34, HierarchicalDDC=, DataSize=262403, Duration=18.949602, RunGuid=RunID82CC04314EB2FF761257D3987AACFEE4
DDCTransactionId69D5F8C64B6EF72014C7D69076A5DB97_29, PutCachedData=, CacheKey=TEXTURE_814DCC3DC72143F49509781513CB9855_BC5_9D79806F4FC0A8F037E5F6AFD2EE46E8___4F34334FA6A9D9F791DB345AD97BBCBD69A1192B, StartTime=2016.06.30-21.24.34, HierarchicalDDC=, DataSize=65795, Duration=10.553952, RunGuid=RunID82CC04314EB2FF761257D3987AACFEE4
DDCTransactionId354A50F644C5C684F666B89CA9553BF3_31, PutCachedData=, CacheKey=TEXTURE_814DCC3DC72143F49509781513CB9855_BC5_9D79806F4FC0A8F037E5F6AFD2EE46E8___F709916AAEE2E75162D4B5C090FCD68C14DACFED, StartTime=2016.06.30-21.24.34, HierarchicalDDC=, DataSize=16643, Duration=30.687454, RunGuid=RunID82CC04314EB2FF761257D3987AACFEE4
DDCTransactionId6EBB399444AD566E8B8ED99F642C1F02_25, BuildTexture=, CacheKey=TEXTURE_814DCC3DC72143F49509781513CB9855_AutoDXT_3D9DF5394695F7124FAF65908374C968_07_0000803F0000803F0000803F000000000000803F00000000000000000000803F00000000000000000200000001000300000000000101000000040000803FFFFFFFFF00000000FF00FF00FFFF8180803B, StartTime=2016.06.30-21.24.34, Duration=109.252426, RunGuid=RunID82CC04314EB2FF761257D3987AACFEE4
DDCTransactionId69D5F8C64B6EF72014C7D69076A5DB97_30, PutCachedData=, CacheKey=TEXTURE_814DCC3DC72143F49509781513CB9855_BC5_9D79806F4FC0A8F037E5F6AFD2EE46E8___16038ABA287E49944BE289986A4BB06926AA464A, StartTime=2016.06.30-21.24.34, HierarchicalDDC=, DataSize=6882, Duration=5.605854, RunGuid=RunID82CC04314EB2FF761257D3987AACFEE4
DDCTransactionId69D5F8C64B6EF72014C7D69076A5DB97_31, PutCachedData=, CacheKey=TEXTURE_814DCC3DC72143F49509781513CB9855_AutoDXT_3D9DF5394695F7124FAF65908374C__F79118E6F30CD645ED13CCACDE18506EDDF2AAA7, StartTime=2016.06.30-21.24.34, HierarchicalDDC=, DataSize=131335, Duration=4.859656, RunGuid=RunID82CC04314EB2FF761257D3987AACFEE4
DDCTransactionId92344D0746D51581E18F04B0B1B0CD5E_33, PutCachedData=, CacheKey=TEXTURE_814DCC3DC72143F49509781513CB9855_AutoDXT_3D9DF5394695F7124FAF65908374C__D9BCE034B54501B31E1268E47E4A9A15D33D5424, StartTime=2016.06.30-21.24.34, HierarchicalDDC=, DataSize=33031, Duration=58.836563, RunGuid=RunID82CC04314EB2FF761257D3987AACFEE4
DDCTransactionId354A50F644C5C684F666B89CA9553BF3_32, PutCachedData=, CacheKey=TEXTURE_814DCC3DC72143F49509781513CB9855_AutoDXT_3D9DF5394695F7124FAF65908374C__8D74DBB4A0FC52B1E60DDF306B3B6D5AD8928B38, StartTime=2016.06.30-21.24.34, HierarchicalDDC=, DataSize=8455, Duration=5.522236, RunGuid=RunID82CC04314EB2FF761257D3987AACFEE4
DDCTransactionId69D5F8C64B6EF72014C7D69076A5DB97_32, PutCachedData=, CacheKey=TEXTURE_814DCC3DC72143F49509781513CB9855_AutoDXT_3D9DF5394695F7124FAF65908374C__1048758D1A9E930E3BE15FAD74367A7AD7306A1B, StartTime=2016.06.30-21.24.34, HierarchicalDDC=, DataSize=4155, Duration=3.121845, RunGuid=RunID82CC04314EB2FF761257D3987AACFEE4
DDCTransactionId6EBB399444AD566E8B8ED99F642C1F02_26, BuildTexture=, CacheKey=TEXTURE_814DCC3DC72143F49509781513CB9855_BC5_660726A047C2927550383F8D31513001_07_0000803F0000803F0000803F000000000000803F00000000000000000000803F00000000000000000200000001000000000000000100000000040000803FFFFFFFFF00000000FF00FF00FFFF8180803B, StartTime=2016.06.30-21.24.34, Duration=19.260216, RunGuid=RunID82CC04314EB2FF761257D3987AACFEE4
DDCTransactionId354A50F644C5C684F666B89CA9553BF3_33, PutCachedData=, CacheKey=TEXTURE_814DCC3DC72143F49509781513CB9855_BC5_660726A047C2927550383F8D31513001___E4261310C6827BE0699E0E38E182C3B841FFD2EB, StartTime=2016.06.30-21.24.34, HierarchicalDDC=, DataSize=262403, Duration=4.683368, RunGuid=RunID82CC04314EB2FF761257D3987AACFEE4
DDCTransactionId69D5F8C64B6EF72014C7D69076A5DB97_33, PutCachedData=, CacheKey=TEXTURE_814DCC3DC72143F49509781513CB9855_BC5_660726A047C2927550383F8D31513001___8840DF5883E6EC5500D3350FB12B05898FBAE0C5, StartTime=2016.06.30-21.24.34, HierarchicalDDC=, DataSize=65795, Duration=4.522476, RunGuid=RunID82CC04314EB2FF761257D3987AACFEE4
DDCTransactionId69D5F8C64B6EF72014C7D69076A5DB97_34, PutCachedData=, CacheKey=TEXTURE_814DCC3DC72143F49509781513CB9855_BC5_660726A047C2927550383F8D31513001___656A5593B9A79465290398ABD19F32BF841D32E1, StartTime=2016.06.30-21.24.34, HierarchicalDDC=, DataSize=16643, Duration=3.915131, RunGuid=RunID82CC04314EB2FF761257D3987AACFEE4
DDCTransactionId354A50F644C5C684F666B89CA9553BF3_34, PutCachedData=, CacheKey=TEXTURE_814DCC3DC72143F49509781513CB9855_BC5_660726A047C2927550383F8D31513001___CF70F1551B9B3BAA91EF94E1C1B6B6F013D72556, StartTime=2016.06.30-21.24.34, HierarchicalDDC=, DataSize=6882, Duration=4.038289, RunGuid=RunID82CC04314EB2FF761257D3987AACFEE4
DDCTransactionId6EBB399444AD566E8B8ED99F642C1F02_27, BuildTexture=, CacheKey=TEXTURE_814DCC3DC72143F49509781513CB9855_AutoDXT_C25F0AA4434FAD95C399DCB32877CF9E_07_0000803F0000803F0000803F000000000000803F00000000000000000000803F00000000000000000200000001000300000000000101000000040000803FFFFFFFFF00000000FF00FF00FFFF8180803B, StartTime=2016.06.30-21.24.34, Duration=90.097549, RunGuid=RunID82CC04314EB2FF761257D3987AACFEE4
DDCTransactionId69D5F8C64B6EF72014C7D69076A5DB97_35, PutCachedData=, CacheKey=TEXTURE_814DCC3DC72143F49509781513CB9855_AutoDXT_C25F0AA4434FAD95C399DCB32877C__F9C48EB226BBE8678412D2FA9F8F6414C0AF8240, StartTime=2016.06.30-21.24.34, HierarchicalDDC=, DataSize=131335, Duration=5.411152, RunGuid=RunID82CC04314EB2FF761257D3987AACFEE4
DDCTransactionId354A50F644C5C684F666B89CA9553BF3_35, PutCachedData=, CacheKey=TEXTURE_814DCC3DC72143F49509781513CB9855_AutoDXT_C25F0AA4434FAD95C399DCB32877C__1EDF00FCB9562E717B43F900063C2EC891004D4F, StartTime=2016.06.30-21.24.34, HierarchicalDDC=, DataSize=33031, Duration=5.116839, RunGuid=RunID82CC04314EB2FF761257D3987AACFEE4
DDCTransactionId92344D0746D51581E18F04B0B1B0CD5E_34, PutCachedData=, CacheKey=TEXTURE_814DCC3DC72143F49509781513CB9855_AutoDXT_C25F0AA4434FAD95C399DCB32877C__280A88EACD9BCBBE505626E96B2A7B43B3526266, StartTime=2016.06.30-21.24.34, HierarchicalDDC=, DataSize=8455, Duration=5.125895, RunGuid=RunID82CC04314EB2FF761257D3987AACFEE4
DDCTransactionId354A50F644C5C684F666B89CA9553BF3_36, PutCachedData=, CacheKey=TEXTURE_814DCC3DC72143F49509781513CB9855_AutoDXT_C25F0AA4434FAD95C399DCB32877C__3C5BFA81A17D8CFE09D86A05346BFF1F1568772B, StartTime=2016.06.30-21.24.34, HierarchicalDDC=, DataSize=4155, Duration=3.102522, RunGuid=RunID82CC04314EB2FF761257D3987AACFEE4
DDCTransactionId6EBB399444AD566E8B8ED99F642C1F02_28, BuildTexture=, CacheKey=TEXTURE_814DCC3DC72143F49509781513CB9855_BC5_DF45889644371608E2E167A00D0E9612_07_0000803F0000803F0000803F000000000000803F00000000000000000000803F00000000000000000200000001000000000000000100000000040000803FFFFFFFFF00000000FF00FF00FFFF8180803B, StartTime=2016.06.30-21.24.34, Duration=17.423697, RunGuid=RunID82CC04314EB2FF761257D3987AACFEE4
DDCTransactionId92344D0746D51581E18F04B0B1B0CD5E_35, PutCachedData=, CacheKey=TEXTURE_814DCC3DC72143F49509781513CB9855_BC5_DF45889644371608E2E167A00D0E9612___443B7C5B121406914003AD4942611D4E7AB0E6B6, StartTime=2016.06.30-21.24.34, HierarchicalDDC=, DataSize=262403, Duration=31.845692, RunGuid=RunID82CC04314EB2FF761257D3987AACFEE4
DDCTransactionId69D5F8C64B6EF72014C7D69076A5DB97_36, PutCachedData=, CacheKey=TEXTURE_814DCC3DC72143F49509781513CB9855_BC5_DF45889644371608E2E167A00D0E9612___B9B78E453C5A2D47BC10970C4EE4FB7BA7A1EFE0, StartTime=2016.06.30-21.24.34, HierarchicalDDC=, DataSize=65795, Duration=4.523684, RunGuid=RunID82CC04314EB2FF761257D3987AACFEE4
DDCTransactionId354A50F644C5C684F666B89CA9553BF3_37, PutCachedData=, CacheKey=TEXTURE_814DCC3DC72143F49509781513CB9855_BC5_DF45889644371608E2E167A00D0E9612___EF451734771F1E7FD2C45DBFD0445135812CF3B5, StartTime=2016.06.30-21.24.34, HierarchicalDDC=, DataSize=16643, Duration=4.606392, RunGuid=RunID82CC04314EB2FF761257D3987AACFEE4
DDCTransactionId69D5F8C64B6EF72014C7D69076A5DB97_37, PutCachedData=, CacheKey=TEXTURE_814DCC3DC72143F49509781513CB9855_BC5_DF45889644371608E2E167A00D0E9612___DF2A58CA17E68A9DB2FAE8BE60FCFA7DA2120DF0, StartTime=2016.06.30-21.24.34, HierarchicalDDC=, DataSize=6882, Duration=3.547467, RunGuid=RunID82CC04314EB2FF761257D3987AACFEE4
DDCTransactionId6EBB399444AD566E8B8ED99F642C1F02_29, BuildTexture=, CacheKey=TEXTURE_814DCC3DC72143F49509781513CB9855_AutoDXT_175FFFF34B3800668E3E95AD8254F9FF_07_0000803F0000803F0000803F000000000000803F00000000000000000000803F00000000000000000200000001000000000000000101000000040000803FFFFFFFFF00000000FF00FF00FFFF8180803B, StartTime=2016.06.30-21.24.34, Duration=76.084877, RunGuid=RunID82CC04314EB2FF761257D3987AACFEE4
DDCTransactionId354A50F644C5C684F666B89CA9553BF3_38, PutCachedData=, CacheKey=TEXTURE_814DCC3DC72143F49509781513CB9855_AutoDXT_175FFFF34B3800668E3E95AD8254F__07A88AF74FC1E73AB09610F8C968130817CECAC3, StartTime=2016.06.30-21.24.34, HierarchicalDDC=, DataSize=524553, Duration=5.165137, RunGuid=RunID82CC04314EB2FF761257D3987AACFEE4
DDCTransactionId69D5F8C64B6EF72014C7D69076A5DB97_38, PutCachedData=, CacheKey=TEXTURE_814DCC3DC72143F49509781513CB9855_AutoDXT_175FFFF34B3800668E3E95AD8254F__36D14B777ED17E3D5FC75B48AED96537AE53896D, StartTime=2016.06.30-21.24.34, HierarchicalDDC=, DataSize=131335, Duration=4.822828, RunGuid=RunID82CC04314EB2FF761257D3987AACFEE4
DDCTransactionId92344D0746D51581E18F04B0B1B0CD5E_36, PutCachedData=, CacheKey=TEXTURE_814DCC3DC72143F49509781513CB9855_AutoDXT_175FFFF34B3800668E3E95AD8254F__60DD8B40791EDDF0CEA9C6EA24FB368B50CCE7B2, StartTime=2016.06.30-21.24.34, HierarchicalDDC=, DataSize=33031, Duration=5.174797, RunGuid=RunID82CC04314EB2FF761257D3987AACFEE4
DDCTransactionId69D5F8C64B6EF72014C7D69076A5DB97_39, PutCachedData=, CacheKey=TEXTURE_814DCC3DC72143F49509781513CB9855_AutoDXT_175FFFF34B3800668E3E95AD8254F__54360FB6FDE14A1E68B0C73A350C5AF456C27A04, StartTime=2016.06.30-21.24.34, HierarchicalDDC=, DataSize=8455, Duration=4.708420, RunGuid=RunID82CC04314EB2FF761257D3987AACFEE4
DDCTransactionId354A50F644C5C684F666B89CA9553BF3_39, PutCachedData=, CacheKey=TEXTURE_814DCC3DC72143F49509781513CB9855_AutoDXT_175FFFF34B3800668E3E95AD8254F__93E5E5D4F615EF636436CEFD35B5A384CC018943, StartTime=2016.06.30-21.24.34, HierarchicalDDC=, DataSize=4452, Duration=4.407167, RunGuid=RunID82CC04314EB2FF761257D3987AACFEE4
DDCTransactionId6EBB399444AD566E8B8ED99F642C1F02_30, BuildTexture=, CacheKey=TEXTURE_814DCC3DC72143F49509781513CB9855_BC5_550B17DD4E4B41095ADB0B9395D1461E_07_0000803F0000803F0000803F000000000000803F00000000000000000000803F00000000000000000200000001000000000000000100000000040000803FFFFFFFFF00000000FF00FF00FFFF8180803B, StartTime=2016.06.30-21.24.34, Duration=337.470825, RunGuid=RunID82CC04314EB2FF761257D3987AACFEE4
DDCTransactionId92344D0746D51581E18F04B0B1B0CD5E_37, PutCachedData=, CacheKey=TEXTURE_814DCC3DC72143F49509781513CB9855_BC5_550B17DD4E4B41095ADB0B9395D1461E___28D98B9BACB0D754935FE389E58534CB52AB6BFA, StartTime=2016.06.30-21.24.35, HierarchicalDDC=, DataSize=4194565, Duration=16.297153, RunGuid=RunID82CC04314EB2FF761257D3987AACFEE4
DDCTransactionId354A50F644C5C684F666B89CA9553BF3_40, PutCachedData=, CacheKey=TEXTURE_814DCC3DC72143F49509781513CB9855_BC5_550B17DD4E4B41095ADB0B9395D1461E___9E48D523BD074D32C26379ECA6F407E7B68CFEF9, StartTime=2016.06.30-21.24.35, HierarchicalDDC=, DataSize=1048837, Duration=7.596024, RunGuid=RunID82CC04314EB2FF761257D3987AACFEE4
DDCTransactionId69D5F8C64B6EF72014C7D69076A5DB97_40, PutCachedData=, CacheKey=TEXTURE_814DCC3DC72143F49509781513CB9855_BC5_550B17DD4E4B41095ADB0B9395D1461E___E972E517DD60D95E1C46DFC4007337E93E155A8C, StartTime=2016.06.30-21.24.35, HierarchicalDDC=, DataSize=262403, Duration=7.193644, RunGuid=RunID82CC04314EB2FF761257D3987AACFEE4
DDCTransactionId354A50F644C5C684F666B89CA9553BF3_41, PutCachedData=, CacheKey=TEXTURE_814DCC3DC72143F49509781513CB9855_BC5_550B17DD4E4B41095ADB0B9395D1461E___F6B3843AA2C3552BF9BB3A9EC0F3D6FD4CAACDF1, StartTime=2016.06.30-21.24.35, HierarchicalDDC=, DataSize=65795, Duration=7.841434, RunGuid=RunID82CC04314EB2FF761257D3987AACFEE4
DDCTransactionId69D5F8C64B6EF72014C7D69076A5DB97_41, PutCachedData=, CacheKey=TEXTURE_814DCC3DC72143F49509781513CB9855_BC5_550B17DD4E4B41095ADB0B9395D1461E___7C98BD541A8AEDBB90702D519DD62E0FECD22B3B, StartTime=2016.06.30-21.24.35, HierarchicalDDC=, DataSize=16643, Duration=7.764459, RunGuid=RunID82CC04314EB2FF761257D3987AACFEE4
DDCTransactionId6EBB399444AD566E8B8ED99F642C1F02_31, BuildTexture=, CacheKey=TEXTURE_814DCC3DC72143F49509781513CB9855_AutoDXT_49EBE4F9430B027F3639729C4CE028A7_07_0000803F0000803F0000803F000000000000803F00000000000000000000803F00000000000000000200000001000000000000000101000000040000803FFFFFFFFF00000000FF00FF00FFFF8180803B, StartTime=2016.06.30-21.24.35, Duration=36.154755, RunGuid=RunID82CC04314EB2FF761257D3987AACFEE4
DDCTransactionId92344D0746D51581E18F04B0B1B0CD5E_38, PutCachedData=, CacheKey=TEXTURE_814DCC3DC72143F49509781513CB9855_BC5_550B17DD4E4B41095ADB0B9395D1461E___6773721C977F58677E206A77EB5EB90606B07256, StartTime=2016.06.30-21.24.35, HierarchicalDDC=, DataSize=7468, Duration=6.798808, RunGuid=RunID82CC04314EB2FF761257D3987AACFEE4
DDCTransactionId354A50F644C5C684F666B89CA9553BF3_42, PutCachedData=, CacheKey=TEXTURE_814DCC3DC72143F49509781513CB9855_AutoDXT_49EBE4F9430B027F3639729C4CE02__4EE83C895828B45CA36D4968CBC323543A9A22B2, StartTime=2016.06.30-21.24.35, HierarchicalDDC=, DataSize=262407, Duration=4.225746, RunGuid=RunID82CC04314EB2FF761257D3987AACFEE4
DDCTransactionId69D5F8C64B6EF72014C7D69076A5DB97_42, PutCachedData=, CacheKey=TEXTURE_814DCC3DC72143F49509781513CB9855_AutoDXT_49EBE4F9430B027F3639729C4CE02__349CA13B15B01E106858DDDD0E3E3396DA218D6D, StartTime=2016.06.30-21.24.35, HierarchicalDDC=, DataSize=65799, Duration=3.962524, RunGuid=RunID82CC04314EB2FF761257D3987AACFEE4
DDCTransactionId92344D0746D51581E18F04B0B1B0CD5E_39, PutCachedData=, CacheKey=TEXTURE_814DCC3DC72143F49509781513CB9855_AutoDXT_49EBE4F9430B027F3639729C4CE02__AC9285A4DAFDC0716DEF13130A9B06B3FE11A1AD, StartTime=2016.06.30-21.24.35, HierarchicalDDC=, DataSize=16647, Duration=4.110739, RunGuid=RunID82CC04314EB2FF761257D3987AACFEE4
DDCTransactionId69D5F8C64B6EF72014C7D69076A5DB97_43, PutCachedData=, CacheKey=TEXTURE_814DCC3DC72143F49509781513CB9855_AutoDXT_49EBE4F9430B027F3639729C4CE02__6569745CA631A9E5DFDCBA9FC53A8671E25127CD, StartTime=2016.06.30-21.24.35, HierarchicalDDC=, DataSize=6899, Duration=3.583085, RunGuid=RunID82CC04314EB2FF761257D3987AACFEE4
DDCTransactionId6EBB399444AD566E8B8ED99F642C1F02_32, BuildTexture=, CacheKey=TEXTURE_814DCC3DC72143F49509781513CB9855_BGRA8_72107D3F4110EAEF3BE5D5841EFE141A_07_0000803F0000803F0000803F000000000000803F00000000000000000000803F0000000000000000020000000D000100000000000101000000040000803FFFFFFFFF00000000FF00FF00FFFF8180803B, StartTime=2016.06.30-21.24.46, Duration=1.405161, RunGuid=RunID82CC04314EB2FF761257D3987AACFEE4
DDCTransactionId69D5F8C64B6EF72014C7D69076A5DB97_44, PutCachedData=, CacheKey=TEXTURE_814DCC3DC72143F49509781513CB9855_BGRA8_72107D3F4110EAEF3BE5D5841EFE141__EBFABFC50FA425319A0ADC765708F5FF2CC0430C, StartTime=2016.06.30-21.24.46, HierarchicalDDC=, DataSize=16696, Duration=9.210069, RunGuid=RunID82CC04314EB2FF761257D3987AACFEE4
DDCTransactionId6EBB399444AD566E8B8ED99F642C1F02_33, BuildTexture=, CacheKey=TEXTURE_814DCC3DC72143F49509781513CB9855_BGRA8_4963A1D64E358284C2A151B90C2ACE24_07_0000803F0000803F0000803F000000000000803F00000000000000000000803F0000000000000000020000000D000100000000000101000000040000803FFFFFFFFF00000000FF00FF00FFFF8180803B, StartTime=2016.06.30-21.24.46, Duration=0.426527, RunGuid=RunID82CC04314EB2FF761257D3987AACFEE4
DDCTransactionId92344D0746D51581E18F04B0B1B0CD5E_40, PutCachedData=, CacheKey=TEXTURE_814DCC3DC72143F49509781513CB9855_BGRA8_4963A1D64E358284C2A151B90C2ACE2__0877A119ECF8D290E51A42A8C457FAB4635C4CE5, StartTime=2016.06.30-21.24.46, HierarchicalDDC=, DataSize=6712, Duration=8.193403, RunGuid=RunID82CC04314EB2FF761257D3987AACFEE4
DDCTransactionId6EBB399444AD566E8B8ED99F642C1F02_34, BuildTexture=, CacheKey=TEXTURE_814DCC3DC72143F49509781513CB9855_BGRA8_70FBE2144E9E03B3586828844F8F9E39_07_0000803F0000803F0000803F000000000000803F00000000000000000000803F0000000000000000020000000D000100000000000101000000040000803FFFFFFFFF00000000FF00FF00FFFF8180803B, StartTime=2016.06.30-21.24.46, Duration=0.951767, RunGuid=RunID82CC04314EB2FF761257D3987AACFEE4
DDCTransactionId354A50F644C5C684F666B89CA9553BF3_43, PutCachedData=, CacheKey=TEXTURE_814DCC3DC72143F49509781513CB9855_BGRA8_70FBE2144E9E03B3586828844F8F9E3__AAD3CE188F72F692D5AA9967E2CA3DEDA43A777F, StartTime=2016.06.30-21.24.46, HierarchicalDDC=, DataSize=16696, Duration=169.249039, RunGuid=RunID82CC04314EB2FF761257D3987AACFEE4
DDCTransactionId6EBB399444AD566E8B8ED99F642C1F02_35, BuildTexture=, CacheKey=TEXTURE_814DCC3DC72143F49509781513CB9855_BGRA8_8F68DA7846EE5B1FF2DDDC9433F817A8_07_0000803F0000803F0000803F000000000000803F00000000000000000000803F0000000000000000020000000D000100000000000101000000040000803FFFFFFFFF00000000FF00FF00FFFF8180803B, StartTime=2016.06.30-21.24.46, Duration=0.655644, RunGuid=RunID82CC04314EB2FF761257D3987AACFEE4
DDCTransactionId69D5F8C64B6EF72014C7D69076A5DB97_45, PutCachedData=, CacheKey=TEXTURE_814DCC3DC72143F49509781513CB9855_BGRA8_8F68DA7846EE5B1FF2DDDC9433F817A__9FDFF1F38E2A447698C25ADA8828C9B7E78C264B, StartTime=2016.06.30-21.24.46, HierarchicalDDC=, DataSize=6712, Duration=8.520924, RunGuid=RunID82CC04314EB2FF761257D3987AACFEE4
DDCTransactionId6EBB399444AD566E8B8ED99F642C1F02_36, BuildTexture=, CacheKey=TEXTURE_814DCC3DC72143F49509781513CB9855_BGRA8_D07216FC40952418CFE0E28778D79B21_07_0000803F0000803F0000803F000000000000803F00000000000000000000803F0000000000000000020000000D000100000000000101000000040000803FFFFFFFFF00000000FF00FF00FFFF8180803B, StartTime=2016.06.30-21.24.46, Duration=0.442527, RunGuid=RunID82CC04314EB2FF761257D3987AACFEE4
DDCTransactionId92344D0746D51581E18F04B0B1B0CD5E_41, PutCachedData=, CacheKey=TEXTURE_814DCC3DC72143F49509781513CB9855_BGRA8_D07216FC40952418CFE0E28778D79B2__89B7DC46CA82953BBE8057421208BB96E5C619A9, StartTime=2016.06.30-21.24.46, HierarchicalDDC=, DataSize=6712, Duration=7.221412, RunGuid=RunID82CC04314EB2FF761257D3987AACFEE4
DDCTransactionId6EBB399444AD566E8B8ED99F642C1F02_37, BuildTexture=, CacheKey=TEXTURE_814DCC3DC72143F49509781513CB9855_BGRA8_0334AFB24D2E5AA9081F9BAFF9F95EE0_07_0000803F0000803F0000803F000000000000803F00000000000000000000803F0000000000000000020000000D000100000000000101000000040000803FFFFFFFFF00000000FF00FF00FFFF8180803B, StartTime=2016.06.30-21.24.46, Duration=0.450980, RunGuid=RunID82CC04314EB2FF761257D3987AACFEE4
DDCTransactionId69D5F8C64B6EF72014C7D69076A5DB97_46, PutCachedData=, CacheKey=TEXTURE_814DCC3DC72143F49509781513CB9855_BGRA8_0334AFB24D2E5AA9081F9BAFF9F95EE__ED95787AC12E31E95E769FBE5E7BFB4D77C53CB8, StartTime=2016.06.30-21.24.46, HierarchicalDDC=, DataSize=6712, Duration=7.624999, RunGuid=RunID82CC04314EB2FF761257D3987AACFEE4
DDCTransactionId6EBB399444AD566E8B8ED99F642C1F02_38, BuildTexture=, CacheKey=TEXTURE_814DCC3DC72143F49509781513CB9855_BGRA8_2140CA5B4637C285519D6D91BA9973B1_07_0000803F0000803F0000803F000000000000803F00000000000000000000803F0000000000000000020000000D000100000000000101000000040000803FFFFFFFFF00000000FF00FF00FFFF8180803B, StartTime=2016.06.30-21.24.47, Duration=0.404794, RunGuid=RunID82CC04314EB2FF761257D3987AACFEE4
DDCTransactionId92344D0746D51581E18F04B0B1B0CD5E_42, PutCachedData=, CacheKey=TEXTURE_814DCC3DC72143F49509781513CB9855_BGRA8_2140CA5B4637C285519D6D91BA9973B__42CF69DB21C149F8C8271914F4141A7EA80E9870, StartTime=2016.06.30-21.24.47, HierarchicalDDC=, DataSize=6712, Duration=10.039583, RunGuid=RunID82CC04314EB2FF761257D3987AACFEE4
DDCTransactionId6EBB399444AD566E8B8ED99F642C1F02_39, BuildTexture=, CacheKey=TEXTURE_814DCC3DC72143F49509781513CB9855_BGRA8_748D4F054C3030AC8888BEA1993C93A6_07_0000803F0000803F0000803F000000000000803F00000000000000000000803F00000000000000000200000001000000000000000101000000040000803FFFFFFFFF00000000FF00FF00FFFF8180803B, StartTime=2016.06.30-21.24.47, Duration=1.549754, RunGuid=RunID82CC04314EB2FF761257D3987AACFEE4
DDCTransactionId69D5F8C64B6EF72014C7D69076A5DB97_47, PutCachedData=, CacheKey=TEXTURE_814DCC3DC72143F49509781513CB9855_BGRA8_748D4F054C3030AC8888BEA1993C93A__79AB56B57296E31CDFFE8867020509D14A699B71, StartTime=2016.06.30-21.24.47, HierarchicalDDC=, DataSize=16644, Duration=8.507338, RunGuid=RunID82CC04314EB2FF761257D3987AACFEE4
DDCTransactionId354A50F644C5C684F666B89CA9553BF3_44, PutCachedData=, CacheKey=TEXTURE_814DCC3DC72143F49509781513CB9855_BGRA8_748D4F054C3030AC8888BEA1993C93A__66191627C7E8A6B05447BCF1CE20A881815777A9, StartTime=2016.06.30-21.24.47, HierarchicalDDC=, DataSize=8452, Duration=8.557446, RunGuid=RunID82CC04314EB2FF761257D3987AACFEE4
DDCTransactionId92344D0746D51581E18F04B0B1B0CD5E_43, PutCachedData=, CacheKey=TEXTURE_814DCC3DC72143F49509781513CB9855_BGRA8_748D4F054C3030AC8888BEA1993C93A__3CE5BB905F1CC7D022240CF4A01B36E9E7C46A6B, StartTime=2016.06.30-21.24.47, HierarchicalDDC=, DataSize=4356, Duration=10.390948, RunGuid=RunID82CC04314EB2FF761257D3987AACFEE4
DDCTransactionId69D5F8C64B6EF72014C7D69076A5DB97_48, PutCachedData=, CacheKey=TEXTURE_814DCC3DC72143F49509781513CB9855_BGRA8_748D4F054C3030AC8888BEA1993C93A__7DAF3DF355D8ACA90C304E71CC15E2C8EEEC3DAF, StartTime=2016.06.30-21.24.47, HierarchicalDDC=, DataSize=2307, Duration=6.832015, RunGuid=RunID82CC04314EB2FF761257D3987AACFEE4
DDCTransactionId354A50F644C5C684F666B89CA9553BF3_45, PutCachedData=, CacheKey=TEXTURE_814DCC3DC72143F49509781513CB9855_BGRA8_748D4F054C3030AC8888BEA1993C93A__AB11C0D74FF631D42824FDEC2F244CADF6A908B6, StartTime=2016.06.30-21.24.47, HierarchicalDDC=, DataSize=1283, Duration=7.142022, RunGuid=RunID82CC04314EB2FF761257D3987AACFEE4
DDCTransactionId92344D0746D51581E18F04B0B1B0CD5E_44, PutCachedData=, CacheKey=TEXTURE_814DCC3DC72143F49509781513CB9855_BGRA8_748D4F054C3030AC8888BEA1993C93A__CED1D83E3FD3B0CB7BD9AA620DC7BDA967EECCBE, StartTime=2016.06.30-21.24.47, HierarchicalDDC=, DataSize=771, Duration=6.049890, RunGuid=RunID82CC04314EB2FF761257D3987AACFEE4
DDCTransactionId69D5F8C64B6EF72014C7D69076A5DB97_49, PutCachedData=, CacheKey=TEXTURE_814DCC3DC72143F49509781513CB9855_BGRA8_748D4F054C3030AC8888BEA1993C93A__A72DE74243C3FF2060D178C8A85568CB313921EB, StartTime=2016.06.30-21.24.47, HierarchicalDDC=, DataSize=2785, Duration=6.583281, RunGuid=RunID82CC04314EB2FF761257D3987AACFEE4
SavePackageTransactionIdB098F9B240B2697F02D75386B38D26C1_0, Filename=../../../../../../../UDK_projets/projetPlatformer/projetJeuPlatformer/Content/ThirdPersonBP/Maps/ThirdPersonExampleMap.umap, AutoPackageBackupDelegate=33.093281, FlushAsyncLoading=0.019319, FlushStreamingFunc=0.125878, BlockTillAllRequestsFinished=0.011470, ResetLoadersForSaveUnMarkAllObjects=434.331573, TagPackageExports=1.202006, BeginCacheForCookedPlatformData=0.002719, SerializeImports=2.918389, GatherLocalizableTextData=11.322189, MarkNames=0.084218, SerializeSummary=1.718491, SerializeNames=0.551801, SerializeGatherableTextData=0.034414, BuildExportMap=1.072813, SortExportsNonSeekfree=0.997044, SortExportsSeekfreeConstructor=15.584461, SortExportsSeekfreeInner=24.815660, SortExportsSeekfree=0.008453, BuildDependencyMap=0.109576, SerializeImportMap=0.053428, SerializeExportMap=0.038337, SerializeDependencyMap=0.014491, SerializeStringAssetReferenceMap=0.002716, SaveThumbNailsAssetRegistryDataWorldLevelInfo=1.223140, SerializeExports=4.725326, SerializeBulkData=189.981735, MoveFile=4.461802, UnaccountedTime=13.054870, RunGuid=RunID82CC04314EB2FF761257D3987AACFEE4
